                  epoch,         train/box_loss,         train/cls_loss,         train/dfl_loss,   metrics/precision(B),      metrics/recall(B),       metrics/mAP50(B),    metrics/mAP50-95(B),           val/box_loss,           val/cls_loss,           val/dfl_loss,                 lr/pg0,                 lr/pg1,                 lr/pg2
                      1,                0.91172,                0.49037,                 1.0057,                0.85663,                0.80858,                0.84044,                0.41584,                  1.817,                0.89513,                 1.8897,              0.0032576,              0.0032576,              0.0032576
                      2,                0.86671,                0.47517,                0.99778,                0.90279,                0.80158,                0.89485,                 0.4215,                 1.8466,                0.98483,                 1.8833,              0.0065844,              0.0065844,              0.0065844
                      3,                0.93769,                0.50871,                 1.0213,                0.83466,                0.79605,                0.82692,                0.40168,                 1.8383,                0.90447,                 1.8488,              0.0099046,              0.0099046,              0.0099046
                      4,                0.94895,                0.50994,                 1.0308,                0.85484,                0.77582,                0.82364,                0.39916,                 1.7755,                0.94794,                 1.8003,              0.0099703,              0.0099703,              0.0099703
                      5,                0.98332,                0.53581,                 1.0367,                0.87992,                0.75882,                0.83357,                0.40893,                 1.8054,                0.89584,                 1.8538,              0.0099604,              0.0099604,              0.0099604
                      6,                0.98968,                0.53818,                 1.0415,                0.94805,                0.74151,                0.85759,                0.38442,                 1.8793,                 1.0153,                 1.8669,              0.0099505,              0.0099505,              0.0099505
                      7,                 1.0042,                0.54351,                 1.0632,                0.86903,                0.87226,                0.87378,                0.42431,                 1.8515,                 1.0366,                 1.8725,              0.0099406,              0.0099406,              0.0099406
                      8,                 1.0102,                0.54421,                 1.0422,                0.87807,                0.73631,                0.85261,                0.40143,                 1.8486,                 0.9603,                 1.8505,              0.0099307,              0.0099307,              0.0099307
                      9,                 1.0065,                0.53403,                 1.0626,                0.86822,                0.79496,                 0.8518,                0.39215,                 1.8283,                0.96529,                 1.8303,              0.0099208,              0.0099208,              0.0099208
                     10,                 1.0078,                  0.551,                 1.0708,                 0.8272,                0.70123,                0.77574,                0.37609,                  1.869,                0.97241,                 1.9008,              0.0099109,              0.0099109,              0.0099109
                     11,                 1.0165,                0.53394,                 1.0593,                0.81714,                0.69411,                0.76615,                0.35878,                 1.9044,                 1.2157,                 1.8906,               0.009901,               0.009901,               0.009901
                     12,                 1.0129,                0.55035,                 1.0608,                0.85217,                0.77889,                0.84489,                0.41146,                 1.8631,                0.93146,                 1.9197,              0.0098911,              0.0098911,              0.0098911
                     13,                 1.0193,                0.54928,                 1.0611,                 0.8922,                0.75546,                0.81415,                0.39776,                 1.8314,                 1.0016,                  1.856,              0.0098812,              0.0098812,              0.0098812
                     14,                 1.0364,                0.55457,                 1.0703,                0.83798,                0.69934,                0.78914,                0.36472,                 1.9078,                 1.0817,                 1.8799,              0.0098713,              0.0098713,              0.0098713
                     15,                 1.0304,                0.55211,                 1.0717,                0.84528,                0.75254,                0.80715,                0.38105,                 1.8446,                0.96085,                 1.8263,              0.0098614,              0.0098614,              0.0098614
                     16,                0.99746,                0.54472,                 1.0518,                0.83908,                0.76205,                0.80637,                0.37197,                 1.8524,                  1.014,                 1.8447,              0.0098515,              0.0098515,              0.0098515
                     17,                  1.034,                0.56508,                 1.0692,                 0.8298,                 0.8414,                0.86134,                0.43316,                 1.8162,                0.92648,                 1.8396,              0.0098416,              0.0098416,              0.0098416
                     18,                0.99946,                0.55101,                 1.0569,                0.92326,                0.79429,                0.87324,                0.38757,                 1.8239,                0.91276,                 1.8509,              0.0098317,              0.0098317,              0.0098317
                     19,                 1.0135,                0.57091,                  1.054,                0.90886,                0.82307,                0.87654,                0.39619,                  1.793,                0.87107,                 1.8035,              0.0098218,              0.0098218,              0.0098218
                     20,                 1.0076,                0.54671,                 1.0629,                0.89994,                0.77316,                0.85414,                0.39286,                 1.8173,                0.95773,                 1.8202,              0.0098119,              0.0098119,              0.0098119
                     21,                 1.0184,                0.55473,                 1.0585,                0.87216,                0.66279,                0.75859,                0.35501,                 1.8373,                 1.0198,                 1.8323,               0.009802,               0.009802,               0.009802
                     22,                 1.0003,                0.54106,                 1.0502,                0.94014,                0.72684,                0.85108,                0.40089,                 1.8227,                0.95623,                 1.8604,              0.0097921,              0.0097921,              0.0097921
                     23,                0.99491,                0.54492,                 1.0457,                0.85595,                0.74909,                0.82655,                 0.3933,                 1.8174,                0.93857,                 1.8446,              0.0097822,              0.0097822,              0.0097822
                     24,                 1.0008,                 0.5387,                 1.0529,                 0.7808,                0.81112,                 0.8236,                0.39905,                 1.8069,                 1.0061,                 1.8354,              0.0097723,              0.0097723,              0.0097723
                     25,                 1.0219,                0.55914,                 1.0569,                0.90232,                0.83266,                0.88236,                0.42991,                 1.8397,                0.92685,                 1.8476,              0.0097624,              0.0097624,              0.0097624
                     26,                 1.0035,                0.55165,                  1.068,                0.88381,                0.84204,                0.88754,                0.42026,                 1.8224,                0.90624,                 1.8144,              0.0097525,              0.0097525,              0.0097525
                     27,                 1.0094,                0.54682,                 1.0612,                0.83014,                0.84686,                0.87207,                0.41225,                 1.8477,                0.93553,                 1.8726,              0.0097426,              0.0097426,              0.0097426
                     28,                 1.0114,                0.54505,                 1.0629,                0.85761,                0.78203,                 0.8334,                0.38775,                 1.8467,                0.93001,                 1.8863,              0.0097327,              0.0097327,              0.0097327
                     29,                  1.033,                0.55158,                 1.0674,                0.89481,                0.76326,                 0.8236,                0.38988,                 1.8157,                0.95437,                 1.8357,              0.0097228,              0.0097228,              0.0097228
                     30,                 1.0045,                0.54918,                 1.0453,                0.82639,                0.81491,                0.84764,                0.40484,                 1.8527,                0.92749,                 1.8682,              0.0097129,              0.0097129,              0.0097129
                     31,                 1.0144,                0.54359,                  1.048,                0.81856,                0.85335,                0.87501,                0.40745,                 1.8033,                0.88193,                 1.8111,               0.009703,               0.009703,               0.009703
                     32,                 1.0295,                0.54959,                 1.0605,                0.91379,                0.78236,                0.87106,                 0.4102,                 1.8401,                 1.0082,                 1.8394,              0.0096931,              0.0096931,              0.0096931
                     33,                 1.0145,                0.54918,                 1.0592,                0.90539,                 0.7574,                0.84619,                0.39383,                 1.8736,                0.94518,                 1.9106,              0.0096832,              0.0096832,              0.0096832
                     34,                 1.0055,                0.56078,                 1.0547,                 0.8583,                0.75515,                0.82075,                0.37779,                 1.8453,                0.95843,                 1.8567,              0.0096733,              0.0096733,              0.0096733
                     35,                 1.0143,                0.56952,                 1.0618,                0.87509,                0.74646,                0.81899,                  0.407,                 1.8282,                 0.9803,                 1.8403,              0.0096634,              0.0096634,              0.0096634
                     36,                0.98974,                 0.5467,                 1.0573,                0.90895,                0.78474,                0.86335,                0.40398,                 1.8238,                 0.9608,                 1.8337,              0.0096535,              0.0096535,              0.0096535
                     37,                 1.0108,                0.55078,                 1.0577,                 0.9103,                0.71245,                0.81321,                0.39703,                 1.8092,                 1.0096,                 1.8433,              0.0096436,              0.0096436,              0.0096436
                     38,                0.99179,                 0.5461,                 1.0539,                0.88227,                0.75837,                0.85254,                0.39112,                 1.7936,                 1.0061,                 1.8111,              0.0096337,              0.0096337,              0.0096337
                     39,                 1.0166,                0.55449,                 1.0501,                0.82632,                0.77364,                0.83984,                0.38527,                  1.819,                 1.0206,                 1.7856,              0.0096238,              0.0096238,              0.0096238
                     40,                 1.0097,                0.54464,                 1.0534,                0.89239,                0.77593,                0.81339,                0.39601,                 1.8075,                0.98371,                 1.8457,              0.0096139,              0.0096139,              0.0096139
                     41,                0.99034,                0.52712,                 1.0432,                0.91988,                0.78166,                0.86004,                0.40928,                 1.8436,                0.86428,                 1.8959,               0.009604,               0.009604,               0.009604
                     42,                0.97892,                0.53839,                 1.0398,                0.85117,                0.79786,                0.86015,                0.40383,                 1.8371,                0.94624,                 1.9167,              0.0095941,              0.0095941,              0.0095941
                     43,                0.99728,                0.55034,                 1.0581,                0.80889,                0.75904,                0.81516,                0.37297,                 1.8476,                0.94234,                 1.8679,              0.0095842,              0.0095842,              0.0095842
                     44,                0.98614,                0.52851,                 1.0369,                0.88798,                0.81369,                0.88574,                 0.4125,                 1.8032,                 0.8591,                 1.8397,              0.0095743,              0.0095743,              0.0095743
                     45,                0.97505,                0.54073,                 1.0414,                0.90288,                0.79461,                0.85583,                0.39746,                 1.8086,                0.94577,                 1.8577,              0.0095644,              0.0095644,              0.0095644
                     46,                0.99592,                 0.5349,                 1.0511,                0.82845,                0.77899,                0.81298,                0.39072,                 1.8672,                 1.0138,                 1.8842,              0.0095545,              0.0095545,              0.0095545
                     47,                  1.003,                0.53676,                 1.0606,                 0.8784,                0.80802,                0.86917,                0.41193,                 1.8264,                0.93608,                 1.8524,              0.0095446,              0.0095446,              0.0095446
                     48,                0.97335,                0.52352,                 1.0365,                0.93642,                0.81585,                0.88526,                0.42552,                 1.8092,                0.91526,                 1.8473,              0.0095347,              0.0095347,              0.0095347
                     49,                 0.9688,                0.53414,                 1.0395,                0.90403,                0.73181,                0.85047,                 0.4235,                 1.8142,                0.94705,                 1.8429,              0.0095248,              0.0095248,              0.0095248
                     50,                0.98593,                0.53576,                 1.0559,                 0.8896,                0.76594,                0.83759,                0.38777,                 1.8366,                0.94241,                 1.8794,              0.0095149,              0.0095149,              0.0095149
                     51,                0.96195,                0.52368,                 1.0302,                0.87013,                0.82673,                0.84809,                0.41229,                 1.8227,                  0.895,                 1.8737,               0.009505,               0.009505,               0.009505
                     52,                 0.9717,                0.53253,                 1.0436,                0.81123,                0.81423,                0.86763,                0.40583,                  1.831,                0.94694,                 1.8288,              0.0094951,              0.0094951,              0.0094951
                     53,                 0.9822,                0.52466,                 1.0342,                 0.8392,                0.82709,                 0.8678,                0.40369,                 1.8104,                0.95755,                 1.8378,              0.0094852,              0.0094852,              0.0094852
                     54,                0.98966,                0.55213,                 1.0417,                0.84074,                0.77224,                0.84271,                0.40011,                 1.8319,                 1.0029,                 1.8692,              0.0094753,              0.0094753,              0.0094753
                     55,                0.95162,                0.52442,                 1.0325,                0.91125,                0.77796,                0.86897,                0.41304,                 1.8247,                0.91459,                 1.8715,              0.0094654,              0.0094654,              0.0094654
                     56,                0.98348,                0.53146,                 1.0479,                0.90959,                0.74528,                 0.8566,                0.37983,                 1.8639,                 1.0787,                 1.8646,              0.0094555,              0.0094555,              0.0094555
                     57,                0.98002,                0.52963,                 1.0373,                0.86806,                0.79734,                0.83982,                0.40169,                 1.8259,                0.88716,                 1.9179,              0.0094456,              0.0094456,              0.0094456
                     58,                0.99978,                0.54303,                 1.0423,                0.89194,                0.81744,                0.87632,                0.41516,                 1.8117,                0.87363,                 1.8634,              0.0094357,              0.0094357,              0.0094357
                     59,                0.97472,                0.52066,                 1.0432,                0.90459,                0.81884,                0.88028,                 0.4062,                 1.8226,                0.93514,                 1.8962,              0.0094258,              0.0094258,              0.0094258
                     60,                0.96043,                0.53209,                 1.0327,                0.87369,                0.76873,                 0.8423,                0.40063,                 1.8265,                0.94878,                 1.8805,              0.0094159,              0.0094159,              0.0094159
                     61,                0.94681,                0.51586,                 1.0213,                0.88857,                 0.7831,                0.80587,                0.40293,                 1.7772,                0.94713,                 1.8222,               0.009406,               0.009406,               0.009406
                     62,                0.97581,                0.53603,                 1.0457,                0.77814,                0.72796,                0.78373,                0.37665,                  1.844,                 1.0678,                 1.8414,              0.0093961,              0.0093961,              0.0093961
                     63,                0.97737,                0.54547,                 1.0473,                0.89038,                0.79218,                0.87092,                0.40946,                 1.8191,                0.92498,                 1.8667,              0.0093862,              0.0093862,              0.0093862
                     64,                0.98257,                0.53412,                 1.0385,                0.87063,                 0.8376,                0.88408,                0.40859,                 1.8331,                0.92057,                 1.8959,              0.0093763,              0.0093763,              0.0093763
                     65,                0.94913,                0.51292,                 1.0319,                0.88854,                0.80517,                0.85548,                 0.4039,                  1.846,                 1.0062,                 1.9123,              0.0093664,              0.0093664,              0.0093664
                     66,                0.94649,                0.51548,                 1.0284,                 0.8751,                0.79378,                0.87683,                0.39932,                 1.8339,                0.97561,                 1.8441,              0.0093565,              0.0093565,              0.0093565
                     67,                0.97137,                0.52058,                 1.0332,                0.87905,                0.79018,                0.87675,                 0.4108,                 1.8156,                0.95821,                 1.8691,              0.0093466,              0.0093466,              0.0093466
                     68,                0.92849,                0.50675,                 1.0253,                0.86703,                0.84415,                0.87277,                0.41343,                 1.8126,                0.91623,                 1.8561,              0.0093367,              0.0093367,              0.0093367
                     69,                0.95523,                0.53979,                 1.0312,                0.86478,                0.79987,                 0.8541,                0.41296,                 1.8337,                0.90819,                 1.8795,              0.0093268,              0.0093268,              0.0093268
                     70,                0.96854,                0.53344,                 1.0334,                 0.8343,                0.79709,                0.82688,                0.38698,                 1.8318,                0.92987,                 1.8523,              0.0093169,              0.0093169,              0.0093169
                     71,                0.97424,                0.51914,                 1.0394,                 0.7923,                0.77783,                0.81344,                0.38859,                 1.8889,                0.97611,                 1.8952,               0.009307,               0.009307,               0.009307
                     72,                0.95874,                0.51348,                 1.0357,                0.86417,                0.79719,                0.85083,                0.41036,                 1.8575,                 1.0171,                 1.9067,              0.0092971,              0.0092971,              0.0092971
                     73,                0.96486,                0.51715,                 1.0271,                0.88071,                 0.7632,                0.84593,                0.41884,                 1.7767,                0.93738,                 1.8313,              0.0092872,              0.0092872,              0.0092872
                     74,                0.92253,                0.49807,                 1.0095,                0.87078,                0.70723,                0.81366,                0.41476,                 1.8477,                 1.0459,                 1.9014,              0.0092773,              0.0092773,              0.0092773
                     75,                0.93282,                 0.5025,                 1.0178,                0.82512,                0.80308,                0.83986,                 0.4148,                 1.8188,                0.93335,                 1.8829,              0.0092674,              0.0092674,              0.0092674
                     76,                0.94282,                0.51282,                 1.0256,                0.88901,                0.78212,                0.83787,                0.39411,                 1.8233,                0.96397,                 1.8502,              0.0092575,              0.0092575,              0.0092575
                     77,                0.96487,                0.51101,                  1.029,                0.89752,                0.76092,                 0.8523,                0.40475,                 1.8197,                  0.944,                 1.8845,              0.0092476,              0.0092476,              0.0092476
                     78,                0.92324,                0.51384,                 1.0131,                0.82638,                0.83686,                0.85857,                0.41802,                 1.8245,                0.93206,                 1.8395,              0.0092377,              0.0092377,              0.0092377
                     79,                0.92296,                0.50083,                0.99854,                0.83832,                0.79791,                0.84872,                0.39476,                 1.8725,                0.97351,                 1.8783,              0.0092278,              0.0092278,              0.0092278
                     80,                0.94429,                0.51966,                 1.0259,                0.90863,                0.76351,                 0.8628,                0.41688,                 1.8245,                0.98436,                 1.8518,              0.0092179,              0.0092179,              0.0092179
                     81,                0.93989,                0.50582,                 1.0249,                 0.9015,                0.81939,                0.89351,                0.41014,                    1.8,                0.95264,                 1.8809,               0.009208,               0.009208,               0.009208
                     82,                0.95359,                0.51964,                 1.0273,                   0.88,                0.78811,                0.85002,                0.40325,                 1.8052,                0.91972,                 1.8797,              0.0091981,              0.0091981,              0.0091981
                     83,                0.94072,                0.51329,                 1.0146,                0.90007,                0.80562,                0.86052,                0.40085,                 1.7974,                0.94663,                 1.8676,              0.0091882,              0.0091882,              0.0091882
                     84,                 0.9137,                0.49884,                 1.0127,                0.88592,                0.74597,                0.84499,                0.40862,                 1.8156,                0.91497,                 1.8873,              0.0091783,              0.0091783,              0.0091783
                     85,                0.93771,                0.51129,                 1.0279,                0.90959,                0.84156,                0.89318,                0.42049,                 1.7873,                0.87983,                 1.8433,              0.0091684,              0.0091684,              0.0091684
                     86,                0.93184,                0.50747,                 1.0311,                0.89509,                0.71049,                0.83397,                0.39908,                 1.8073,                   1.02,                 1.8712,              0.0091585,              0.0091585,              0.0091585
                     87,                0.93199,                0.51237,                 1.0123,                0.85206,                0.78339,                0.85218,                0.39029,                 1.8449,                0.94165,                 1.8792,              0.0091486,              0.0091486,              0.0091486
                     88,                0.92656,                0.50605,                 1.0213,                0.85773,                0.82468,                0.84871,                0.42244,                 1.8003,                0.88383,                 1.8903,              0.0091387,              0.0091387,              0.0091387
                     89,                0.93146,                0.51536,                 1.0265,                0.82911,                0.84119,                0.85238,                0.40664,                 1.7781,                0.86988,                 1.8314,              0.0091288,              0.0091288,              0.0091288
                     90,                0.93111,                0.51047,                 1.0105,                 0.8484,                0.79008,                0.84545,                0.39393,                 1.8213,                 0.9219,                  1.891,              0.0091189,              0.0091189,              0.0091189
                     91,                 0.9148,                0.48887,                  1.022,                0.88406,                0.83312,                 0.8703,                0.41768,                 1.7779,                0.93167,                 1.8598,               0.009109,               0.009109,               0.009109
                     92,                0.94385,                0.50749,                 1.0349,                 0.8609,                0.78831,                0.85053,                0.40238,                 1.8029,                0.90489,                 1.8446,              0.0090991,              0.0090991,              0.0090991
                     93,                0.94861,                0.51759,                 1.0274,                0.80827,                0.85486,                0.86488,                0.40153,                 1.7828,                0.92651,                 1.8344,              0.0090892,              0.0090892,              0.0090892
                     94,                0.92811,                0.50053,                 1.0119,                0.87108,                0.78306,                0.87055,                0.42877,                 1.8283,                0.95404,                 1.8906,              0.0090793,              0.0090793,              0.0090793
                     95,                0.89774,                0.49916,                 1.0006,                0.84153,                0.80791,                0.85887,                0.39859,                 1.8489,                0.93276,                 1.8932,              0.0090694,              0.0090694,              0.0090694
                     96,                0.90234,                0.49725,                 1.0115,                0.83764,                0.83447,                0.88273,                0.41856,                  1.843,                0.91433,                 1.9288,              0.0090595,              0.0090595,              0.0090595
                     97,                0.92072,                0.49958,                  1.008,                 0.9045,                0.74933,                0.84086,                0.41595,                 1.8314,                0.96551,                 1.8858,              0.0090496,              0.0090496,              0.0090496
                     98,                0.93305,                0.50456,                 1.0221,                0.87271,                0.85167,                0.88752,                0.42979,                 1.8496,                0.87952,                 1.8846,              0.0090397,              0.0090397,              0.0090397
                     99,                0.92772,                0.49979,                 1.0065,                0.89074,                0.79541,                0.87559,                0.40822,                 1.8717,                0.92103,                 1.9504,              0.0090298,              0.0090298,              0.0090298
                    100,                0.93526,                0.49846,                 1.0168,                0.90171,                0.75034,                0.84574,                0.41654,                 1.8357,                0.90408,                 1.8932,              0.0090199,              0.0090199,              0.0090199
                    101,                0.88832,                 0.4882,                 1.0168,                 0.8375,                 0.7826,                0.82211,                0.38339,                 1.8461,                0.97299,                 1.9353,                0.00901,                0.00901,                0.00901
                    102,                0.93062,                0.50658,                 1.0226,                 0.8599,                 0.8399,                0.88491,                0.40168,                 1.8336,                0.91863,                 1.8936,              0.0090001,              0.0090001,              0.0090001
                    103,                0.95594,                0.51129,                 1.0335,                 0.9005,                0.83684,                0.88503,                0.41727,                 1.8114,                0.93902,                 1.9014,              0.0089902,              0.0089902,              0.0089902
                    104,                 0.9015,                0.49618,                0.99838,                0.86667,                0.82148,                0.86581,                0.42262,                 1.8211,                 0.9137,                 1.8666,              0.0089803,              0.0089803,              0.0089803
                    105,                0.89897,                0.48693,                  1.002,                0.89313,                0.82383,                0.88478,                0.40102,                 1.8406,                0.91689,                 1.8874,              0.0089704,              0.0089704,              0.0089704
                    106,                0.90558,                0.50343,                 1.0156,                0.88191,                0.79639,                0.87369,                0.41186,                  1.831,                0.87875,                 1.9334,              0.0089605,              0.0089605,              0.0089605
                    107,                0.92325,                0.50469,                 1.0191,                0.87477,                0.80821,                 0.8509,                0.41363,                  1.866,                0.92879,                 1.9371,              0.0089506,              0.0089506,              0.0089506
                    108,                0.93392,                0.51258,                 1.0125,                0.85271,                0.88373,                0.90425,                0.42216,                 1.8413,                0.88703,                 1.9077,              0.0089407,              0.0089407,              0.0089407
                    109,                0.91316,                0.49099,                 1.0152,                0.89838,                0.83974,                0.89496,                0.44078,                 1.7903,                0.91513,                 1.8803,              0.0089308,              0.0089308,              0.0089308
                    110,                0.89439,                0.49784,                 1.0111,                 0.9325,                0.81734,                0.88962,                0.42651,                  1.803,                  0.894,                 1.8707,              0.0089209,              0.0089209,              0.0089209
                    111,                0.90416,                0.49945,                 1.0066,                0.83275,                0.81154,                0.84582,                0.39897,                  1.846,                0.91933,                 1.9028,               0.008911,               0.008911,               0.008911
                    112,                0.91956,                0.50466,                 1.0106,                0.91934,                0.76783,                0.88043,                0.43139,                 1.8703,                0.92085,                 1.9092,              0.0089011,              0.0089011,              0.0089011
                    113,                 0.9178,                0.48984,                 1.0067,                0.86188,                0.73381,                0.81237,                0.38387,                 1.8107,                0.94452,                 1.8892,              0.0088912,              0.0088912,              0.0088912
                    114,                0.89102,                0.48624,                0.99866,                0.82826,                0.86066,                0.88339,                0.39939,                 1.8538,                0.95896,                 1.9494,              0.0088813,              0.0088813,              0.0088813
                    115,                0.93487,                0.49675,                 1.0122,                 0.8743,                 0.8631,                0.90937,                0.42726,                 1.7962,                0.90709,                 1.8587,              0.0088714,              0.0088714,              0.0088714
                    116,                0.90026,                0.48966,                 1.0079,                0.85401,                0.77997,                0.86255,                0.39558,                 1.8062,                0.93102,                 1.8299,              0.0088615,              0.0088615,              0.0088615
                    117,                0.91891,                 0.4954,                  1.022,                0.84529,                0.83764,                0.86532,                0.40151,                 1.8327,                0.93401,                 1.8899,              0.0088516,              0.0088516,              0.0088516
                    118,                 0.9129,                0.50249,                0.99985,                0.81206,                0.77771,                 0.8429,                 0.4262,                 1.8145,                 1.0301,                 1.8589,              0.0088417,              0.0088417,              0.0088417
                    119,                 0.9131,                 0.4938,                 1.0021,                0.91048,                0.76842,                0.87223,                0.41728,                 1.7957,                0.91872,                 1.8507,              0.0088318,              0.0088318,              0.0088318
                    120,                0.89468,                0.49144,                 1.0037,                 0.8871,                0.85836,                0.89076,                0.42764,                  1.815,                0.91908,                 1.8642,              0.0088219,              0.0088219,              0.0088219
                    121,                0.88397,                0.48822,                0.99403,                0.82246,                 0.8293,                0.86146,                0.41221,                 1.8475,                0.98489,                  1.912,               0.008812,               0.008812,               0.008812
                    122,                0.92485,                 0.4972,                 1.0055,                0.92814,                0.80322,                0.87488,                0.41922,                 1.7943,                 1.0042,                 1.7994,              0.0088021,              0.0088021,              0.0088021
                    123,                0.88362,                0.49383,                0.99802,                0.89431,                0.77713,                0.85688,                0.41094,                 1.8239,                0.91982,                 1.9267,              0.0087922,              0.0087922,              0.0087922
                    124,                0.88589,                0.48906,                 1.0139,                0.90862,                0.76801,                0.87138,                0.42956,                 1.8259,                0.98339,                 1.8902,              0.0087823,              0.0087823,              0.0087823
                    125,                0.87873,                0.48855,                0.99682,                0.81234,                0.83409,                0.85401,                0.41479,                 1.8015,                0.95823,                 1.8254,              0.0087724,              0.0087724,              0.0087724
                    126,                0.89045,                0.49402,                 1.0053,                0.89674,                 0.7849,                0.85827,                0.41803,                 1.8247,                0.86969,                 1.8795,              0.0087625,              0.0087625,              0.0087625
                    127,                0.88847,                 0.4804,                  1.002,                0.89215,                0.84561,                 0.8828,                0.42515,                 1.8105,                0.84747,                 1.8905,              0.0087526,              0.0087526,              0.0087526
                    128,                0.87017,                0.48245,                0.98443,                0.89414,                0.83809,                0.89022,                0.43131,                 1.7584,                0.88817,                 1.8205,              0.0087427,              0.0087427,              0.0087427
                    129,                0.88931,                0.48438,                0.98937,                0.89168,                0.83133,                0.87226,                 0.4245,                 1.7731,                0.90472,                 1.8646,              0.0087328,              0.0087328,              0.0087328
                    130,                0.89906,                0.50121,                  1.009,                0.88683,                0.86773,                0.89494,                0.40354,                 1.8628,                0.90943,                 1.9818,              0.0087229,              0.0087229,              0.0087229
                    131,                0.91953,                0.49884,                 1.0167,                0.89907,                 0.8905,                0.90804,                0.41995,                 1.8189,                0.85749,                 1.9006,               0.008713,               0.008713,               0.008713
                    132,                0.87822,                0.47412,                 0.9924,                0.90651,                0.78021,                0.86388,                0.43925,                  1.777,                0.89334,                 1.8311,              0.0087031,              0.0087031,              0.0087031
                    133,                0.87165,                0.47566,                0.99322,                0.82635,                0.83686,                0.87149,                 0.4169,                 1.8261,                0.93829,                 1.8953,              0.0086932,              0.0086932,              0.0086932
                    134,                0.87439,                0.46465,                0.99434,                0.90032,                0.79956,                0.86608,                0.42895,                 1.8223,                0.84333,                 1.9132,              0.0086833,              0.0086833,              0.0086833
                    135,                0.90918,                0.49971,                 1.0062,                0.90382,                0.76818,                0.84465,                0.41115,                  1.879,                  1.005,                 1.9464,              0.0086734,              0.0086734,              0.0086734
                    136,                0.86868,                0.48401,                 1.0029,                0.88727,                0.79256,                0.86475,                0.42379,                 1.8278,                 0.9893,                 1.8852,              0.0086635,              0.0086635,              0.0086635
                    137,                0.87429,                0.47542,                0.99081,                0.91087,                0.84755,                0.88495,                0.42388,                 1.8167,                0.86287,                 1.8425,              0.0086536,              0.0086536,              0.0086536
                    138,                0.87516,                0.48805,                0.99928,                0.88384,                0.81695,                0.88197,                0.43628,                 1.8243,                0.95252,                  1.901,              0.0086437,              0.0086437,              0.0086437
                    139,                0.86295,                0.48047,                0.99954,                0.89073,                 0.8445,                0.89545,                0.44633,                 1.7817,                0.85981,                 1.8828,              0.0086338,              0.0086338,              0.0086338
                    140,                0.87273,                0.48332,                0.99765,                0.88099,                0.85605,                0.88145,                0.44729,                 1.7874,                0.87921,                 1.8888,              0.0086239,              0.0086239,              0.0086239
                    141,                 0.8713,                0.48332,                0.98759,                0.88881,                0.80133,                0.87188,                0.41927,                 1.8186,                0.89068,                 1.9047,               0.008614,               0.008614,               0.008614
                    142,                0.89009,                0.48414,                 1.0033,                0.88026,                 0.8014,                0.85951,                0.41991,                 1.8656,                 0.9439,                 1.9494,              0.0086041,              0.0086041,              0.0086041
                    143,                0.89082,                0.48845,                0.99374,                 0.8962,                0.83102,                 0.8941,                0.42507,                 1.8224,                0.90396,                 1.9108,              0.0085942,              0.0085942,              0.0085942
                    144,                0.89126,                0.49585,                 1.0055,                0.86158,                0.78636,                0.86422,                0.41675,                   1.84,                0.89965,                 1.9642,              0.0085843,              0.0085843,              0.0085843
                    145,                0.88326,                0.48728,                 0.9912,                0.82857,                0.83998,                0.86338,                0.42559,                 1.8638,                0.94636,                 1.9256,              0.0085744,              0.0085744,              0.0085744
                    146,                0.89208,                 0.4919,                 1.0038,                0.92225,                0.78471,                0.85425,                0.40659,                 1.8066,                0.89965,                 1.9214,              0.0085645,              0.0085645,              0.0085645
                    147,                0.87108,                0.48682,                0.99517,                0.87135,                0.79458,                0.83956,                0.43053,                 1.7864,                0.94013,                 1.8622,              0.0085546,              0.0085546,              0.0085546
                    148,                0.87255,                0.49098,                 1.0018,                0.79783,                0.75501,                0.81044,                 0.3871,                 1.8557,                0.98371,                 1.9269,              0.0085447,              0.0085447,              0.0085447
                    149,                0.87024,                 0.4815,                0.99555,                0.83655,                0.79593,                0.85145,                 0.4102,                 1.8399,                0.90379,                 1.9149,              0.0085348,              0.0085348,              0.0085348
                    150,                0.89808,                0.49007,                 1.0031,                 0.8876,                0.84439,                0.89756,                0.45401,                 1.7819,                 0.8757,                 1.8853,              0.0085249,              0.0085249,              0.0085249
                    151,                0.86679,                0.47583,                0.99503,                0.87672,                0.79041,                0.85911,                0.41542,                 1.8342,                 0.9456,                 1.9101,               0.008515,               0.008515,               0.008515
                    152,                0.89379,                0.46597,                0.99592,                0.86161,                0.79896,                0.83959,                0.39164,                 1.8644,                0.98884,                 1.9393,              0.0085051,              0.0085051,              0.0085051
                    153,                0.86914,                0.47072,                0.98764,                0.84657,                0.82211,                0.86467,                0.42663,                 1.8168,                0.95605,                 1.9011,              0.0084952,              0.0084952,              0.0084952
                    154,                0.86202,                0.47673,                0.98765,                0.87182,                0.81424,                0.86679,                0.42607,                 1.8012,                0.87391,                 1.8999,              0.0084853,              0.0084853,              0.0084853
                    155,                0.86432,                0.48229,                0.98625,                0.83662,                0.83424,                0.86277,                 0.4178,                 1.8896,                0.88682,                 1.9313,              0.0084754,              0.0084754,              0.0084754
                    156,                0.85747,                0.47447,                0.98816,                0.88388,                0.83354,                0.86894,                0.42278,                 1.8295,                0.88823,                 1.8791,              0.0084655,              0.0084655,              0.0084655
                    157,                0.88902,                0.49136,                 1.0002,                0.91898,                0.78925,                0.87583,                0.41669,                 1.8394,                0.91717,                 1.9164,              0.0084556,              0.0084556,              0.0084556
                    158,                0.88856,                0.48252,                 1.0055,                0.91479,                0.81294,                0.87159,                0.41331,                 1.8478,                0.90497,                 1.8911,              0.0084457,              0.0084457,              0.0084457
                    159,                0.86823,                 0.4762,                0.98895,                0.89956,                0.78816,                0.85929,                0.42346,                 1.8202,                0.90271,                 1.8791,              0.0084358,              0.0084358,              0.0084358
                    160,                0.86934,                0.46937,                0.98954,                0.74026,                0.83094,                0.83297,                0.41372,                 1.8028,                 0.9376,                 1.8726,              0.0084259,              0.0084259,              0.0084259
                    161,                0.86177,                0.47944,                0.99057,                0.87452,                 0.7932,                0.84765,                0.39716,                 1.8259,                0.94586,                 1.8743,               0.008416,               0.008416,               0.008416
                    162,                0.86722,                0.47598,                0.98996,                0.85274,                0.85116,                0.89035,                0.42006,                  1.788,                0.87717,                 1.8576,              0.0084061,              0.0084061,              0.0084061
                    163,                0.84195,                0.46648,                0.97616,                0.87762,                0.81993,                0.87025,                0.41539,                 1.8468,                0.94709,                 1.9054,              0.0083962,              0.0083962,              0.0083962
                    164,                0.86929,                 0.4781,                0.98339,                 0.8943,                0.85682,                0.87637,                0.42148,                 1.8301,                0.86353,                 1.9555,              0.0083863,              0.0083863,              0.0083863
                    165,                0.87915,                0.49581,                 1.0056,                0.89689,                0.77913,                0.86367,                0.38321,                 1.8599,                0.88115,                 1.9085,              0.0083764,              0.0083764,              0.0083764
                    166,                0.85871,                 0.4738,                0.98921,                0.86286,                0.82299,                 0.8686,                0.42139,                   1.82,                0.89651,                 1.9287,              0.0083665,              0.0083665,              0.0083665
                    167,                0.85076,                0.46832,                0.98145,                0.87297,                0.79151,                0.87627,                0.41866,                 1.8446,                0.89774,                 1.9299,              0.0083566,              0.0083566,              0.0083566
                    168,                0.86637,                0.47896,                0.99235,                 0.8979,                0.85817,                0.88238,                0.42024,                 1.8266,                 0.8899,                  1.938,              0.0083467,              0.0083467,              0.0083467
                    169,                0.86187,                0.47264,                0.98022,                0.91619,                0.81087,                0.85317,                0.39834,                 1.8939,                0.94984,                 1.9721,              0.0083368,              0.0083368,              0.0083368
                    170,                0.85484,                0.46561,                0.97854,                0.87354,                0.84864,                0.86844,                0.40203,                 1.8644,                0.88886,                 1.9706,              0.0083269,              0.0083269,              0.0083269
                    171,                0.84778,                0.46486,                0.98704,                0.87606,                0.83093,                0.86152,                0.41112,                 1.8165,                0.88813,                 1.8947,               0.008317,               0.008317,               0.008317
                    172,                0.85293,                0.47824,                0.98535,                0.87805,                0.80909,                0.86885,                0.40912,                 1.8726,                0.89983,                 1.9521,              0.0083071,              0.0083071,              0.0083071
                    173,                0.84269,                0.46531,                0.98888,                0.87373,                0.82051,                0.85736,                0.42779,                 1.8271,                0.92416,                 1.9152,              0.0082972,              0.0082972,              0.0082972
                    174,                 0.8533,                0.46765,                0.98038,                0.88797,                0.78451,                0.85565,                0.41959,                 1.8399,                0.94718,                  1.891,              0.0082873,              0.0082873,              0.0082873
                    175,                0.84821,                0.46475,                0.99612,                0.85366,                0.83217,                0.87147,                0.43632,                 1.8517,                0.98562,                 1.9272,              0.0082774,              0.0082774,              0.0082774
                    176,                0.84823,                0.47918,                0.99267,                0.89047,                0.84851,                0.88949,                0.41714,                 1.8211,                0.92065,                 1.9002,              0.0082675,              0.0082675,              0.0082675
                    177,                0.87255,                0.47825,                0.99976,                0.88254,                0.80347,                0.87955,                0.41265,                 1.8439,                0.98762,                 1.9288,              0.0082576,              0.0082576,              0.0082576
                    178,                0.86111,                0.47519,                0.99137,                0.86957,                0.81655,                0.85356,                0.43341,                 1.8234,                  1.009,                 1.9142,              0.0082477,              0.0082477,              0.0082477
                    179,                0.84109,                0.45783,                0.98452,                0.89876,                0.80538,                0.85807,                0.40767,                 1.8276,                0.95498,                  1.919,              0.0082378,              0.0082378,              0.0082378
                    180,                0.86375,                0.47415,                0.98658,                0.88087,                0.86011,                0.89978,                0.43626,                 1.8458,                0.94034,                 1.9745,              0.0082279,              0.0082279,              0.0082279
                    181,                0.87289,                0.48264,                0.98662,                 0.8977,                0.78964,                0.87661,                0.42157,                 1.8312,                0.92645,                 1.9244,               0.008218,               0.008218,               0.008218
                    182,                0.85759,                0.46467,                0.98458,                0.87731,                0.85626,                0.89512,                0.44145,                 1.8073,                0.87789,                 1.9198,              0.0082081,              0.0082081,              0.0082081
                    183,                0.85145,                0.45975,                0.97846,                0.89667,                0.81376,                0.88833,                0.42016,                 1.8291,                 0.9213,                 1.9408,              0.0081982,              0.0081982,              0.0081982
                    184,                0.82229,                0.45264,                0.98045,                0.87062,                0.87171,                0.88708,                0.41627,                 1.8188,                0.92756,                  1.921,              0.0081883,              0.0081883,              0.0081883
                    185,                 0.8374,                0.46042,                0.97193,                0.89491,                0.81585,                 0.8674,                0.42017,                 1.8132,                0.89269,                  1.901,              0.0081784,              0.0081784,              0.0081784
                    186,                0.86445,                0.46543,                 0.9878,                0.91202,                 0.8102,                0.87352,                 0.4207,                 1.7744,                0.88562,                 1.8608,              0.0081685,              0.0081685,              0.0081685
                    187,                 0.8478,                 0.4667,                0.97681,                 0.8961,                0.82747,                0.88268,                0.44057,                 1.8039,                0.89603,                  1.911,              0.0081586,              0.0081586,              0.0081586
                    188,                0.84733,                0.45946,                0.97266,                0.90509,                0.86668,                 0.8915,                0.44655,                 1.8058,                0.90085,                 1.9261,              0.0081487,              0.0081487,              0.0081487
                    189,                0.85936,                0.47819,                0.98159,                0.91127,                0.85135,                0.88005,                0.43718,                 1.7957,                0.89695,                 1.9257,              0.0081388,              0.0081388,              0.0081388
                    190,                 0.8499,                0.47521,                0.99244,                0.89727,                 0.8697,                0.88747,                0.43137,                 1.7872,                 0.8863,                 1.9188,              0.0081289,              0.0081289,              0.0081289
                    191,                0.84848,                0.48174,                0.98355,                0.87923,                0.83364,                 0.8637,                0.41546,                 1.8029,                0.99818,                 1.9138,               0.008119,               0.008119,               0.008119
                    192,                0.84268,                0.46099,                 0.9784,                0.83636,                0.77588,                 0.8493,                0.40674,                 1.8412,                 1.0185,                 1.9289,              0.0081091,              0.0081091,              0.0081091
                    193,                  0.839,                0.46903,                0.97089,                0.87698,                0.85558,                0.88815,                0.42312,                 1.8365,                0.89209,                 1.9399,              0.0080992,              0.0080992,              0.0080992
                    194,                0.83434,                0.46634,                0.97589,                 0.8647,                 0.8894,                0.87755,                 0.4205,                 1.8304,                0.87396,                 1.9301,              0.0080893,              0.0080893,              0.0080893
                    195,                0.82735,                0.45859,                0.97165,                0.89662,                0.84968,                0.90425,                0.44162,                 1.8179,                0.87263,                  1.942,              0.0080794,              0.0080794,              0.0080794
                    196,                0.82479,                0.44667,                0.97178,                0.89034,                0.85138,                0.88144,                0.42016,                 1.8439,                0.94013,                 1.9559,              0.0080695,              0.0080695,              0.0080695
                    197,                0.81423,                0.46529,                0.97606,                0.88284,                0.86199,                0.89099,                0.43727,                 1.8153,                 0.9454,                 1.9351,              0.0080596,              0.0080596,              0.0080596
                    198,                0.83702,                0.46323,                0.97782,                0.87553,                0.87491,                 0.8938,                0.42538,                 1.7791,                0.94249,                 1.9064,              0.0080497,              0.0080497,              0.0080497
                    199,                 0.8318,                0.45225,                0.97765,                0.84181,                0.82637,                 0.8574,                0.40992,                 1.8361,                0.96408,                 1.9752,              0.0080398,              0.0080398,              0.0080398
                    200,                0.84957,                0.47405,                 0.9855,                0.86126,                 0.8531,                0.87273,                 0.4237,                 1.8152,                0.87648,                 1.9464,              0.0080299,              0.0080299,              0.0080299
                    201,                0.85195,                0.46066,                0.97976,                0.84001,                 0.8302,                0.86672,                0.41653,                 1.8324,                0.93131,                 1.9492,                0.00802,                0.00802,                0.00802
                    202,                0.83045,                0.46623,                0.97877,                0.90118,                 0.8687,                0.90184,                0.45087,                 1.8265,                 0.8868,                 1.9769,              0.0080101,              0.0080101,              0.0080101
                    203,                 0.8305,                0.45386,                0.97388,                0.91671,                 0.8511,                 0.9018,                0.41051,                 1.8581,                0.87989,                 2.0081,              0.0080002,              0.0080002,              0.0080002
                    204,                0.83282,                 0.4646,                0.97831,                0.87195,                0.84358,                0.86733,                0.42501,                 1.8353,                 0.8631,                 1.9818,              0.0079903,              0.0079903,              0.0079903
                    205,                0.81539,                0.45897,                0.96505,                0.89701,                0.82184,                0.89045,                0.43127,                 1.8182,                0.88079,                 1.9635,              0.0079804,              0.0079804,              0.0079804
                    206,                0.82148,                 0.4515,                0.96476,                0.89825,                 0.8235,                0.87552,                0.43876,                 1.7925,                0.85457,                 1.9726,              0.0079705,              0.0079705,              0.0079705
                    207,                0.79994,                0.45431,                0.97411,                0.90077,                0.86242,                0.87881,                0.45285,                 1.7763,                0.87169,                 1.9144,              0.0079606,              0.0079606,              0.0079606
                    208,                0.83078,                 0.4629,                0.97341,                0.90317,                0.84734,                0.88232,                0.44984,                 1.8079,                0.97301,                 1.9077,              0.0079507,              0.0079507,              0.0079507
                    209,                0.81479,                0.45859,                 0.9748,                0.90321,                0.86158,                0.88678,                0.42722,                 1.8207,                0.93406,                 1.9781,              0.0079408,              0.0079408,              0.0079408
                    210,                0.82924,                0.46731,                0.97977,                0.89888,                0.83591,                0.88407,                 0.4221,                 1.8384,                0.90778,                 1.9726,              0.0079309,              0.0079309,              0.0079309
                    211,                0.82159,                0.45377,                0.96695,                0.89151,                0.80947,                0.86612,                0.40484,                  1.856,                0.92213,                 1.9481,               0.007921,               0.007921,               0.007921
                    212,                 0.8128,                0.45911,                0.96907,                0.89031,                0.83077,                 0.8833,                0.42023,                 1.8395,                0.91418,                 1.9518,              0.0079111,              0.0079111,              0.0079111
                    213,                0.80516,                0.44819,                 0.9736,                0.88691,                0.84227,                0.88182,                0.43417,                 1.8242,                0.90198,                 1.9299,              0.0079012,              0.0079012,              0.0079012
                    214,                 0.8266,                0.45694,                0.97551,                0.85174,                0.84322,                0.86848,                0.42802,                 1.8291,                0.88636,                 1.9629,              0.0078913,              0.0078913,              0.0078913
                    215,                0.80741,                0.44629,                 0.9686,                0.89168,                 0.8709,                0.88604,                0.43338,                 1.8358,                0.88309,                 1.9832,              0.0078814,              0.0078814,              0.0078814
                    216,                0.84353,                0.45977,                0.97504,                0.85883,                0.75735,                0.80534,                0.39345,                 1.8576,                0.97071,                 1.9765,              0.0078715,              0.0078715,              0.0078715
                    217,                0.82675,                0.45826,                0.96953,                0.91795,                0.85046,                0.88752,                0.42275,                 1.8053,                0.90873,                 1.9261,              0.0078616,              0.0078616,              0.0078616
                    218,                 0.8134,                0.45445,                0.97429,                0.91735,                0.87294,                0.90144,                0.44558,                 1.8148,                0.87938,                 1.9641,              0.0078517,              0.0078517,              0.0078517
                    219,                0.81921,                0.44979,                0.96574,                0.88641,                0.81835,                0.86447,                0.43348,                 1.8059,                0.93362,                 1.9316,              0.0078418,              0.0078418,              0.0078418
                    220,                0.81307,                0.45379,                0.96692,                0.91233,                0.85854,                0.88868,                0.42788,                 1.8463,                0.97752,                 1.9645,              0.0078319,              0.0078319,              0.0078319
                    221,                0.81417,                 0.4507,                0.95921,                0.91028,                0.85318,                0.90362,                0.42652,                 1.8375,                0.94855,                 1.9735,               0.007822,               0.007822,               0.007822
                    222,                 0.8235,                0.45887,                0.96342,                0.87089,                0.90364,                0.91372,                0.44897,                 1.8222,                0.87901,                 1.9532,              0.0078121,              0.0078121,              0.0078121
                    223,                0.82028,                 0.4507,                0.96759,                0.89711,                0.84228,                0.87508,                0.42535,                 1.8318,                 1.0132,                 1.9594,              0.0078022,              0.0078022,              0.0078022
                    224,                0.81721,                0.45839,                0.95694,                0.90283,                0.86565,                0.87771,                0.42512,                 1.8385,                0.96286,                 1.9757,              0.0077923,              0.0077923,              0.0077923
                    225,                0.83181,                0.45198,                0.97526,                0.87967,                0.84275,                0.87961,                0.41629,                 1.8424,                0.90806,                 1.9875,              0.0077824,              0.0077824,              0.0077824
                    226,                0.81624,                0.45857,                0.98093,                0.90276,                 0.8814,                0.90427,                0.41389,                 1.8343,                0.88127,                 1.9771,              0.0077725,              0.0077725,              0.0077725
                    227,                0.82301,                0.45417,                 0.9725,                0.91956,                 0.8709,                0.89677,                0.43395,                   1.83,                0.87677,                 1.9591,              0.0077626,              0.0077626,              0.0077626
                    228,                0.81582,                0.44688,                 0.9617,                0.89386,                0.85202,                0.88821,                0.42357,                 1.8119,                0.91017,                  1.905,              0.0077527,              0.0077527,              0.0077527
                    229,                0.81589,                0.43967,                0.96946,                 0.8869,                0.88066,                0.90328,                0.42291,                 1.8387,                0.87663,                 1.9643,              0.0077428,              0.0077428,              0.0077428
                    230,                0.79233,                 0.4357,                0.94902,                0.92452,                0.85848,                0.90355,                0.41471,                 1.8395,                0.89033,                 1.9934,              0.0077329,              0.0077329,              0.0077329
                    231,                0.80532,                 0.4497,                0.96775,                0.89034,                0.80326,                0.87476,                0.39732,                 1.8956,                 0.9556,                  2.007,               0.007723,               0.007723,               0.007723
                    232,                0.80196,                0.46053,                0.96748,                0.89837,                0.85809,                0.89249,                 0.4218,                 1.8641,                0.89934,                 1.9727,              0.0077131,              0.0077131,              0.0077131
                    233,                0.80034,                0.44844,                0.95948,                0.88796,                0.76388,                0.86893,                0.41889,                 1.8606,                0.96164,                 1.9561,              0.0077032,              0.0077032,              0.0077032
                    234,                0.79869,                0.44222,                0.95962,                0.86927,                0.86862,                0.89401,                0.42155,                 1.8153,                0.95369,                 1.9283,              0.0076933,              0.0076933,              0.0076933
                    235,                0.79076,                0.43919,                0.95678,                0.86194,                0.81092,                0.85202,                0.41289,                 1.8352,                0.97675,                 1.9338,              0.0076834,              0.0076834,              0.0076834
                    236,                0.80529,                0.44072,                0.96458,                0.88027,                0.85887,                0.88287,                0.43103,                 1.8318,                0.87865,                 1.9642,              0.0076735,              0.0076735,              0.0076735
                    237,                0.80806,                0.45322,                0.97033,                0.87384,                0.85199,                0.87698,                0.41498,                 1.8262,                0.95665,                 1.9495,              0.0076636,              0.0076636,              0.0076636
                    238,                0.81828,                0.45621,                0.96581,                0.86201,                0.77703,                 0.8331,                0.39315,                 1.8403,                0.96406,                 1.9344,              0.0076537,              0.0076537,              0.0076537
                    239,                 0.8059,                 0.4525,                0.96143,                0.83968,                0.82051,                 0.8451,                0.40608,                 1.8242,                0.97997,                 1.9297,              0.0076438,              0.0076438,              0.0076438
                    240,                0.78056,                0.43508,                0.95601,                0.88168,                 0.8106,                0.84071,                0.39833,                 1.8436,                0.94946,                 1.9898,              0.0076339,              0.0076339,              0.0076339
                    241,                0.78614,                0.44454,                 0.9542,                 0.9071,                0.85311,                0.88397,                0.43225,                 1.7961,                0.94667,                 1.9643,               0.007624,               0.007624,               0.007624
                    242,                0.78255,                0.44808,                0.95983,                0.88395,                 0.8287,                0.86894,                0.41738,                 1.8252,                 1.0305,                 1.9662,              0.0076141,              0.0076141,              0.0076141
                    243,                0.79494,                0.44479,                0.95834,                0.87021,                0.84359,                0.86416,                0.41525,                 1.8249,                0.96586,                 1.9805,              0.0076042,              0.0076042,              0.0076042
                    244,                 0.7982,                0.45768,                0.96664,                0.89588,                0.85393,                0.88017,                0.42515,                 1.8021,                0.88029,                 1.9315,              0.0075943,              0.0075943,              0.0075943
                    245,                0.82354,                0.45906,                0.97258,                0.85664,                0.84488,                0.86566,                0.43134,                 1.8109,                 0.9033,                 1.9254,              0.0075844,              0.0075844,              0.0075844
                    246,                0.81806,                0.45689,                0.97279,                0.89056,                0.78961,                0.85569,                0.39805,                 1.8288,                0.92679,                  1.949,              0.0075745,              0.0075745,              0.0075745
                    247,                0.81305,                0.45265,                0.96049,                0.84909,                0.82315,                 0.8684,                0.41979,                 1.8041,                0.93237,                   1.94,              0.0075646,              0.0075646,              0.0075646
                    248,                0.80738,                0.46012,                0.95617,                0.91149,                0.81993,                0.87895,                0.41115,                 1.8357,                0.96039,                 1.9652,              0.0075547,              0.0075547,              0.0075547
                    249,                0.78955,                0.44046,                0.94841,                 0.8522,                0.83129,                0.84334,                0.41252,                 1.8276,                0.97029,                 2.0319,              0.0075448,              0.0075448,              0.0075448
                    250,                0.79854,                0.44143,                0.96078,                 0.8748,                0.80741,                0.87953,                0.42762,                 1.8225,                0.93126,                 2.0284,              0.0075349,              0.0075349,              0.0075349
